ID,Name,Gender,Mobile,Address
123A,Josef Segal,M,87982495,5001 Summer Street
234B,Karen Monroe,F,95410926,2000 Winter Road
345C,Rosa Lawrence,F,87454018,666 Spring Avenue
456D,Alicia Perry,F,82874025,961 Woodbridge Lane
567E,Clare Sharp,F,81609760,8322 Court Dr
678F,Jamarion Collins,F,96076920,9288 East Drive
789G,Sincere Ponce,M,80378903,200 Summer St.
890H,Paris Sweeney,F,95320203,439 N.Cross St
560I,Rosa Cooke,F,96042044,27 North Stillwater Court
408J,Briana Cunningham,F,94824165,87 Bay Meadows Drive
503K,Alyson Lee,M,86769762,3 Devonshire Street
782L,Isabell Odom,F,98686273,417 Thomas Drive
397M,Lilyana Robbins,F,86938323,7467 Miller St.
808N,Logan Crosby,M,93205138,607 Marconi Lane
120O,Aldo Meyers,M,86070255,9602 Sunset Rd
312P,Gabriela Lopez,F,93233857,641 Holly Street
133Q,Fletcher Brooks,M,95127494,9973 Jennings St
892R,Raegan Day,M,94462766,20 River Lane
232S,Ashtyn Potter,M,92839612,9238 Fairfield St
